Name,Website,YouTube,LinkedIn,Instagram,Facebook,Webinar_Page,Product_Page
Nick Saraev,N/A,N/A,N/A,N/A,N/A,N/A,N/A
Riley Brown,N/A,N/A,N/A,N/A,N/A,N/A,N/A
Nate Herk AI Automation,N/A,N/A,N/A,N/A,N/A,N/A,N/A
n8n,N/A,N/A,N/A,N/A,N/A,N/A,N/A
Helena Liu,N/A,N/A,N/A,N/A,N/A,N/A,N/A
HighLevel,N/A,N/A,N/A,N/A,N/A,N/A,N/A
Vibe Coding with Naman,N/A,N/A,N/A,N/A,N/A,N/A,N/A
GoHighLevel Tutorials HL Power Hub,N/A,N/A,N/A,N/A,N/A,N/A,N/A
Pragati Kunwer Claude Code,N/A,N/A,N/A,N/A,N/A,N/A,N/A
Claude Ams Programming Guru,N/A,N/A,N/A,N/A,N/A,N/A,N/A
Anthropic,N/A,N/A,N/A,N/A,N/A,N/A,N/A
Corbin Brown,N/A,N/A,N/A,N/A,N/A,N/A,N/A
Mikey No Code,N/A,N/A,N/A,N/A,N/A,N/A,N/A
Liam Ottley,N/A,N/A,N/A,N/A,N/A,N/A,N/A
Matt Wolfe,N/A,N/A,N/A,N/A,N/A,N/A,N/A
WEBINARIS automatisiertes Webinar Marketing,N/A,N/A,N/A,N/A,N/A,N/A,N/A
Jason Wardrop,N/A,N/A,N/A,N/A,N/A,N/A,N/A
Keaton Walker,N/A,N/A,N/A,N/A,N/A,N/A,N/A
Manus AI,N/A,N/A,N/A,N/A,N/A,N/A,N/A
Milan Vasarhelyi Business Automation,N/A,N/A,N/A,N/A,N/A,N/A,N/A
MCP Manager by Usercentrics,N/A,N/A,N/A,N/A,N/A,N/A,N/A
Jonathan Ferrell GoHighLevel Automations,N/A,N/A,N/A,N/A,N/A,N/A,N/A
Yazdan,N/A,N/A,N/A,N/A,N/A,N/A,N/A
MCP Builder ai,N/A,N/A,N/A,N/A,N/A,N/A,N/A
Vibe Coding Tutorials,N/A,N/A,N/A,N/A,N/A,N/A,N/A
Marketing Cube Marketing Automation,N/A,N/A,N/A,N/A,N/A,N/A,N/A
Zoho Marketing Automation,N/A,N/A,N/A,N/A,N/A,N/A,N/A
mcp,N/A,N/A,N/A,N/A,N/A,N/A,N/A
